,Noise,Euclidean,FL-Mean (Nguyen),FL-Mean (Ours),FL-Median (Ours),GR-Mean,GR-Median
0,0.02,0.0024751775895504218,0.002169962007844473,0.002169445641426537,0.002327494982555902,0.7579378556309951,0.8064797062977158
1,0.12,0.1700059447406969,0.013043964913175514,0.013030766016138957,0.013949965794385663,0.7570273938852186,0.8047955304147955
2,0.22,0.23980874955867248,0.028713399992709426,0.024032220647453445,0.02564944874662428,0.754676767554467,0.8104692874219199
3,0.32,0.25400200476546464,0.0735134104488289,0.03525717757009131,0.037503374775470194,0.7482023328719506,0.8353891551272365
4,0.42,0.37680921130574563,0.1099593564624313,0.04671364973266318,0.049521973795694875,0.7421310909734389,0.942815634779011
5,0.52,0.6051919290664414,0.14134996229074673,0.0583616936051236,0.06166909554771589,1.0033411460360697,1.2339576342975473
6,0.62,0.8259930895719285,0.18786113538032242,0.07013136667250933,0.07388681754701279,1.3832156849733785,1.3646045450344009
7,0.72,0.9473702537393559,0.23793250776332334,0.0819415745402605,0.08613702617788455,1.3945652184830286,1.3890097406187092
8,0.82,0.9958621812245486,0.2639790662036238,0.09377876825899295,0.0984913718163064,1.393868468918293,1.3944089101508226
